{
	"animeName":"blue-effect",
	"percentageMax":"0.2",
	"totalFrame":"41",
	"width":"200",
	"height":"360",
	"headHeight":"175",
	"headPosY":"34",
	"legsHeight":"107",
	"legsPosY":"253",
	"arrayFrame":[
		{"prop":"0,360,-1,3",		"legs":"600,885"},
		{"prop":"200,360,0,-3",		"legs":"0,1060"},
		{"prop":"200,360,0,-3",		"legs":"0,1060"},
		{"prop":"0,360,0,-3",		"legs":"0,1060"},
		{"prop":"0,360,0,-3",		"legs":"0,1060"},
		{"prop":"400,360,0,-6",		"legs":"200,1060"},
		{"prop":"400,360,0,-6",		"legs":"200,1060"},
		{"prop":"600,360,0,-6",		"legs":"200,1060"},
		{"prop":"600,360,0,-6",		"legs":"200,1060"},
		{"prop":"600,360,0,-6",		"legs":"200,1060"},
		{"prop":"600,360,2,7",		"legs":"400,1060"},
		{"prop":"0,535,2,7",		"legs":"400,1060"},
		{"prop":"0,535,0,0",		"legs":"0,1060"},
		{"prop":"200,535,0,0",		"legs":"0,1060"},
		{"prop":"200,535,0,0",		"legs":"0,1060"},
		{"prop":"200,535,0,0",		"legs":"0,1060"},
		{"prop":"200,535,0,0",		"legs":"0,1060"},
		{"prop":"400,535,0,0",		"legs":"0,1060"},
		{"prop":"400,535,0,0",		"legs":"0,1060"},
		{"prop":"600,535,0,0",		"legs":"0,1060"},
		{"prop":"600,535,-1,3",		"legs":"600,885"},
		{"prop":"600,535,-1,3",		"legs":"600,885"},
		{"prop":"600,535,0,0",		"legs":"0,1060"},
		{"prop":"0,710,0,0",		"legs":"0,1060"},
		{"prop":"0,710,0,0",		"legs":"0,1060"},
		{"prop":"200,710,0,0",		"legs":"0,1060"},
		{"prop":"200,710,0,0",		"legs":"0,1060"},
		{"prop":"400,710,0,0",		"legs":"0,1060"},
		{"prop":"400,710,0,0",		"legs":"0,1060"},
		{"prop":"600,710,0,0",		"legs":"0,1060"},
		{"prop":"600,710,1,3",		"legs":"600,885"},
		{"prop":"600,710,1,3",		"legs":"600,885"},
		{"prop":"600,710,0,0",		"legs":"0,1060"},
		{"prop":"0,885,0,0",		"legs":"0,1060"},
		{"prop":"0,885,0,0",		"legs":"0,1060"},
		{"prop":"0,885,0,0",		"legs":"0,1060"},
		{"prop":"200,885,0,0",		"legs":"0,1060"},
		{"prop":"200,885,0,0",		"legs":"0,1060"},
		{"prop":"400,885,0,0",		"legs":"0,1060"},
		{"prop":"400,885,0,0",		"legs":"0,1060"},
		{"prop":"400,885,-1,3",		"legs":"600,885"}
	]
}