{
	"animeName":"brown-effect",
	"percentageMax":"0.2",
	"totalFrame":"164",
	"width":"200",
	"height":"360",
	"headHeight":"106",
	"headPosY":"72",
	"legsHeight":"120",
	"legsPosY":"240",
	"arrayFrame":[
		{"prop":"0,360,1,5",		"legs":"400,890"},
		{"prop":"0,360,0.65,3.35",		"legs":"400,890"},
		{"prop":"200,360,0.35,1.65",		"legs":"600,890"},
		{"prop":"200,360,0,0",		"legs":"600,890"},
		{"prop":"400,360,0,0",		"legs":"600,890"},
		{"prop":"400,360,0,0",		"legs":"600,890"},
		{"prop":"600,360,0,0",		"legs":"600,890"},
		{"prop":"600,360,0,0",		"legs":"600,890"},
		{"prop":"0,466,0,0",		"legs":"600,890"},
		{"prop":"0,466,0,0",		"legs":"600,890"},
		{"prop":"200,466,-1,4",		"legs":"0,1010"},
		{"prop":"200,466,-0.65,2.65",		"legs":"0,1010"},
		{"prop":"400,466,-0.35,1.35",		"legs":"600,890"},
		{"prop":"400,466,0,0",		"legs":"600,890"},
		{"prop":"600,466,0,0",		"legs":"600,890"},
		{"prop":"600,466,0,0",		"legs":"600,890"},
		{"prop":"0,572,0,0",		"legs":"600,890"},
		{"prop":"0,572,0,0",		"legs":"600,890"},
		{"prop":"200,572,0,0",		"legs":"600,890"},
		{"prop":"200,572,0,0",		"legs":"600,890"},
		{"prop":"400,572,1,2",		"legs":"200,1010"},
		{"prop":"400,572,0.65,1.35",		"legs":"200,1010"},
		{"prop":"400,572,0.35,0.65",		"legs":"600,890"},
		{"prop":"400,572,0,0",		"legs":"600,890"},
		{"prop":"600,572,0,0",		"legs":"600,890"},
		{"prop":"600,572,0,0",		"legs":"600,890"},
		{"prop":"600,572,0,0",		"legs":"600,890"},
		{"prop":"600,572,0,0",		"legs":"600,890"},
		{"prop":"0,678,0,0",		"legs":"600,890"},
		{"prop":"0,678,0,0",		"legs":"600,890"},
		{"prop":"200,678,-1,2",		"legs":"200,1010"},
		{"prop":"200,678,-0.65,1.35",		"legs":"200,1010"},
		{"prop":"200,678,-0.35,0.65",		"legs":"600,890"},
		{"prop":"200,678,0,0",		"legs":"600,890"},
		{"prop":"400,678,0,0",		"legs":"600,890"},
		{"prop":"400,678,0,0",		"legs":"600,890"},
		{"prop":"400,678,0,0",		"legs":"600,890"},
		{"prop":"400,678,0,0",		"legs":"600,890"},
		{"prop":"600,678,0,0",		"legs":"600,890"},
		{"prop":"600,678,0,0",		"legs":"600,890"},
		{"prop":"0,784,1,2",		"legs":"200,1010"},
		{"prop":"0,784,0.65,1.35",		"legs":"200,1010"},
		{"prop":"0,784,0.35,0.65",		"legs":"600,890"},
		{"prop":"0,784,0,0",		"legs":"600,890"},
		{"prop":"200,784,0,0",		"legs":"600,890"},
		{"prop":"200,784,0,0",		"legs":"600,890"},
		{"prop":"200,784,0,0",		"legs":"600,890"},
		{"prop":"200,784,0,0",		"legs":"600,890"},
		{"prop":"400,784,0,0",		"legs":"600,890"},
		{"prop":"400,784,0,0",		"legs":"600,890"},
		{"prop":"600,784,-1,2",		"legs":"200,1010"},
		{"prop":"600,784,-0.65,1.35",		"legs":"200,1010"},
		{"prop":"600,784,-0.35,0.65",		"legs":"600,890"},
		{"prop":"600,784,0,0",		"legs":"600,890"},
		{"prop":"600,784,0,0",		"legs":"600,890"},
		{"prop":"0,890,0,0",		"legs":"600,890"},
		{"prop":"0,890,0,0",		"legs":"600,890"},
		{"prop":"0,890,0,0",		"legs":"600,890"},
		{"prop":"0,890,0,0",		"legs":"600,890"},
		{"prop":"0,890,0,0",		"legs":"600,890"},
		{"prop":"0,890,1,2",		"legs":"200,1010"},
		{"prop":"0,890,0.65,1.35",		"legs":"200,1010"},
		{"prop":"0,890,0.35,0.65",		"legs":"600,890"},
		{"prop":"0,890,0,0",		"legs":"600,890"},
		{"prop":"0,890,0,0",		"legs":"600,890"},
		{"prop":"0,890,0,0",		"legs":"600,890"},
		{"prop":"0,890,0,0",		"legs":"600,890"},
		{"prop":"0,890,0,0",		"legs":"600,890"},
		{"prop":"0,890,0,0",		"legs":"600,890"},
		{"prop":"0,890,0,0",		"legs":"600,890"},
		{"prop":"0,890,-1,2",		"legs":"200,1010"},
		{"prop":"0,890,-0.65,1.35",		"legs":"200,1010"},
		{"prop":"0,890,-0.35,0.65",		"legs":"600,890"},
		{"prop":"0,890,0,0",		"legs":"600,890"},
		{"prop":"0,890,0,0",		"legs":"600,890"},
		{"prop":"0,890,0,0",		"legs":"600,890"},
		{"prop":"0,890,0,0",		"legs":"600,890"},
		{"prop":"0,890,0,0",		"legs":"600,890"},
		{"prop":"0,890,0,0",		"legs":"600,890"},
		{"prop":"0,890,0,0",		"legs":"600,890"},
		{"prop":"0,890,0,0",		"legs":"600,890"},
		{"prop":"400,784,1,2",		"legs":"200,1010"},
		{"prop":"400,784,0.65,1.35",		"legs":"200,1010"},
		{"prop":"400,784,0.35,0.65",		"legs":"600,890"},
		{"prop":"400,784,0,0",		"legs":"600,890"},
		{"prop":"400,784,0,0",		"legs":"600,890"},
		{"prop":"400,784,0,0",		"legs":"600,890"},
		{"prop":"400,784,0,0",		"legs":"600,890"},
		{"prop":"400,784,0,0",		"legs":"600,890"},
		{"prop":"400,784,0,0",		"legs":"600,890"},
		{"prop":"400,784,0,0",		"legs":"600,890"},
		{"prop":"0,890,-1,2",		"legs":"200,1010"},
		{"prop":"0,890,-0.65,1.35",		"legs":"200,1010"},
		{"prop":"0,890,-0.35,0.65",		"legs":"600,890"},
		{"prop":"0,890,0,0",		"legs":"600,890"},
		{"prop":"0,890,0,0",		"legs":"600,890"},
		{"prop":"0,890,0,0",		"legs":"600,890"},
		{"prop":"0,890,0,0",		"legs":"600,890"},
		{"prop":"0,890,0,0",		"legs":"600,890"},
		{"prop":"0,890,0,0",		"legs":"600,890"},
		{"prop":"0,890,0,0",		"legs":"600,890"},
		{"prop":"0,890,0,0",		"legs":"600,890"},
		{"prop":"400,784,1,2",		"legs":"200,1010"},
		{"prop":"400,784,0.65,1.35",		"legs":"200,1010"},
		{"prop":"400,784,0.35,0.65",		"legs":"600,890"},
		{"prop":"400,784,0,0",		"legs":"600,890"},
		{"prop":"400,784,0,0",		"legs":"600,890"},
		{"prop":"400,784,0,0",		"legs":"600,890"},
		{"prop":"400,784,0,0",		"legs":"600,890"},
		{"prop":"400,784,0,0",		"legs":"600,890"},
		{"prop":"400,784,0,0",		"legs":"600,890"},
		{"prop":"400,784,0,0",		"legs":"600,890"},
		{"prop":"0,890,-1,2",		"legs":"200,1010"},
		{"prop":"0,890,-0.65,1.35",		"legs":"200,1010"},
		{"prop":"0,890,-0.35,0.65",		"legs":"600,890"},
		{"prop":"0,890,0,0",		"legs":"600,890"},
		{"prop":"0,890,0,0",		"legs":"600,890"},
		{"prop":"0,890,0,0",		"legs":"600,890"},
		{"prop":"0,890,0,0",		"legs":"600,890"},
		{"prop":"0,890,0,0",		"legs":"600,890"},
		{"prop":"0,890,0,0",		"legs":"600,890"},
		{"prop":"0,890,0,0",		"legs":"600,890"},
		{"prop":"0,890,0,0",		"legs":"600,890"},
		{"prop":"400,784,1,2",		"legs":"200,1010"},
		{"prop":"400,784,0.65,1.35",		"legs":"200,1010"},
		{"prop":"400,784,0.35,0.65",		"legs":"600,890"},
		{"prop":"400,784,0,0",		"legs":"600,890"},
		{"prop":"400,784,0,0",		"legs":"600,890"},
		{"prop":"400,784,0,0",		"legs":"600,890"},
		{"prop":"400,784,0,0",		"legs":"600,890"},
		{"prop":"400,784,0,0",		"legs":"600,890"},
		{"prop":"400,784,0,0",		"legs":"600,890"},
		{"prop":"400,784,0,0",		"legs":"600,890"},
		{"prop":"0,890,-1,2",		"legs":"200,1010"},
		{"prop":"0,890,-0.65,1.35",		"legs":"200,1010"},
		{"prop":"0,890,-0.35,0.65",		"legs":"600,890"},
		{"prop":"0,890,0,0",		"legs":"600,890"},
		{"prop":"0,890,0,0",		"legs":"600,890"},
		{"prop":"0,890,0,0",		"legs":"600,890"},
		{"prop":"0,890,0,0",		"legs":"600,890"},
		{"prop":"0,890,0,0",		"legs":"600,890"},
		{"prop":"0,890,0,0",		"legs":"600,890"},
		{"prop":"0,890,0,0",		"legs":"600,890"},
		{"prop":"0,890,0,0",		"legs":"600,890"},
		{"prop":"0,890,1,2",		"legs":"200,1010"},
		{"prop":"0,890,0.65,1.35",		"legs":"200,1010"},
		{"prop":"0,890,0.35,0.65",		"legs":"600,890"},
		{"prop":"0,890,0,0",		"legs":"600,890"},
		{"prop":"0,890,0,0",		"legs":"600,890"},
		{"prop":"0,890,0,0",		"legs":"600,890"},
		{"prop":"0,890,0,0",		"legs":"600,890"},
		{"prop":"0,890,0,0",		"legs":"600,890"},
		{"prop":"0,890,0,0",		"legs":"600,890"},
		{"prop":"0,890,0,0",		"legs":"600,890"},
		{"prop":"0,890,-1,2",		"legs":"200,1010"},
		{"prop":"0,890,-0.65,1.35",		"legs":"200,1010"},
		{"prop":"0,890,-0.35,0.65",		"legs":"600,890"},
		{"prop":"0,890,0,0",		"legs":"600,890"},
		{"prop":"0,890,0,0",		"legs":"600,890"},
		{"prop":"0,890,0,0",		"legs":"600,890"},
		{"prop":"0,890,0,0",		"legs":"600,890"},
		{"prop":"0,890,0,0",		"legs":"600,890"},
		{"prop":"200,890,0,0",		"legs":"600,890"},
		{"prop":"200,890,0,0",		"legs":"600,890"}
	]
}