{
	"animeName":"brown-melo",
	"percentageMax":"0.2",
	"totalFrame":"41",
	"width":"200",
	"height":"360",
	"headHeight":"108",
	"headPosY":"72",
	"legsHeight":"115",
	"legsPosY":"245",
	"arrayFrame":[
		{"prop":"0,360,0,0",		"legs":"600,360"},
		{"prop":"0,360,0,0",		"legs":"600,360"},
		{"prop":"200,360,0,0",		"legs":"600,360"},
		{"prop":"200,360,0,0",		"legs":"600,360"},
		{"prop":"400,360,0,0",		"legs":"600,360"},
		{"prop":"400,360,0,0",		"legs":"600,360"},
		{"prop":"400,360,0,0",		"legs":"600,360"},
		{"prop":"400,360,0,0",		"legs":"600,360"},
		{"prop":"0,468,0,0",		"legs":"600,360"},
		{"prop":"0,468,0,0",		"legs":"600,360"},
		{"prop":"200,468,0,3",		"legs":"600,475"},
		{"prop":"200,468,0,3",		"legs":"600,475"},
		{"prop":"400,468,0,3",		"legs":"600,475"},
		{"prop":"400,468,0,3",		"legs":"600,475"},
		{"prop":"400,468,0,3",		"legs":"600,475"},
		{"prop":"0,576,0,3",		"legs":"600,475"},
		{"prop":"0,576,0,3",		"legs":"600,475"},
		{"prop":"200,576,0,3",		"legs":"600,475"},
		{"prop":"400,576,0,3",		"legs":"600,475"},
		{"prop":"400,576,0,3",		"legs":"600,475"},
		{"prop":"400,576,0,3",		"legs":"600,475"},
		{"prop":"400,576,0,3",		"legs":"600,475"},
		{"prop":"0,684,0,8",		"legs":"600,590"},
		{"prop":"0,684,0,6",		"legs":"600,590"},
		{"prop":"0,684,0,4",		"legs":"600,475"},
		{"prop":"0,684,0,2",		"legs":"600,360"},
		{"prop":"200,684,0,0",		"legs":"600,360"},
		{"prop":"200,684,0,0",		"legs":"600,360"},
		{"prop":"0,468,0,0",		"legs":"600,360"},
		{"prop":"0,468,0,0",		"legs":"600,360"},
		{"prop":"0,468,0,0",		"legs":"600,360"},
		{"prop":"0,468,0,0",		"legs":"600,360"},
		{"prop":"0,468,0,0",		"legs":"600,360"},
		{"prop":"0,468,0,0",		"legs":"600,360"},
		{"prop":"0,468,0,0",		"legs":"600,360"},
		{"prop":"0,468,0,0",		"legs":"600,360"},
		{"prop":"0,468,0,0",		"legs":"600,360"},
		{"prop":"0,468,0,0",		"legs":"600,360"},
		{"prop":"0,468,0,0",		"legs":"600,360"},
		{"prop":"400,684,0,0",		"legs":"600,360"},
		{"prop":"400,684,0,0",		"legs":"600,360"}
	]
}