{
	"animeName":"green-beat",
	"percentageMax":"0.2",
	"totalFrame":"164",
	"width":"200",
	"height":"360",
	"headHeight":"129",
	"headPosY":"76",
	"legsHeight":"111",
	"legsPosY":"249",
	"arrayFrame":[
		{"prop":"0,360,0,4.8",		"legs":"600,360"},
		{"prop":"0,360,0,3.6",		"legs":"600,360"},
		{"prop":"0,360,0,2.4",		"legs":"600,471"},
		{"prop":"0,360,0,1.2",		"legs":"600,582"},
		{"prop":"200,360,0,0",		"legs":"600,582"},
		{"prop":"200,360,0,0",		"legs":"600,582"},
		{"prop":"400,360,0,0",		"legs":"600,582"},
		{"prop":"400,360,0,0",		"legs":"600,582"},
		{"prop":"0,489,0,0",		"legs":"600,582"},
		{"prop":"0,489,0,0",		"legs":"600,582"},
		{"prop":"0,489,0,0",		"legs":"600,582"},
		{"prop":"0,489,0,0",		"legs":"600,582"},
		{"prop":"0,489,0,0",		"legs":"600,582"},
		{"prop":"0,489,0,0",		"legs":"600,582"},
		{"prop":"0,489,0,0",		"legs":"600,582"},
		{"prop":"0,489,0,0",		"legs":"600,582"},
		{"prop":"0,489,0,0",		"legs":"600,582"},
		{"prop":"200,489,0,0",		"legs":"600,582"},
		{"prop":"200,489,0,0",		"legs":"600,582"},
		{"prop":"400,489,0,3.2",		"legs":"600,471"},
		{"prop":"400,489,0,2.15",		"legs":"600,471"},
		{"prop":"400,489,0,1.05",		"legs":"600,693"},
		{"prop":"400,489,0,0",		"legs":"600,582"},
		{"prop":"200,360,0,0",		"legs":"600,582"},
		{"prop":"200,360,0,0",		"legs":"600,582"},
		{"prop":"400,360,0,0",		"legs":"600,582"},
		{"prop":"400,360,0,0",		"legs":"600,582"},
		{"prop":"0,489,0,0",		"legs":"600,582"},
		{"prop":"0,489,0,0",		"legs":"600,582"},
		{"prop":"0,489,0,0",		"legs":"600,582"},
		{"prop":"0,489,0,0",		"legs":"600,582"},
		{"prop":"0,489,0,0",		"legs":"600,582"},
		{"prop":"0,489,0,0",		"legs":"600,582"},
		{"prop":"0,489,0,0",		"legs":"600,582"},
		{"prop":"0,489,0,0",		"legs":"600,582"},
		{"prop":"0,489,0,0",		"legs":"600,582"},
		{"prop":"0,489,0,0",		"legs":"600,582"},
		{"prop":"0,489,0,0",		"legs":"600,582"},
		{"prop":"0,618,0,0",		"legs":"600,582"},
		{"prop":"0,618,0,0",		"legs":"600,582"},
		{"prop":"200,618,0,1.6",		"legs":"600,693"},
		{"prop":"200,618,0,1.6",		"legs":"600,693"},
		{"prop":"200,618,0,0",		"legs":"600,582"},
		{"prop":"200,618,0,0",		"legs":"600,582"},
		{"prop":"400,360,0,0",		"legs":"600,582"},
		{"prop":"400,360,0,0",		"legs":"600,582"},
		{"prop":"400,360,0,0",		"legs":"600,582"},
		{"prop":"0,489,0,0",		"legs":"600,582"},
		{"prop":"0,489,0,0",		"legs":"600,582"},
		{"prop":"0,489,0,0",		"legs":"600,582"},
		{"prop":"0,489,0,0",		"legs":"600,582"},
		{"prop":"0,489,0,0",		"legs":"600,582"},
		{"prop":"0,489,0,0",		"legs":"600,582"},
		{"prop":"0,489,0,0",		"legs":"600,582"},
		{"prop":"0,489,0,0",		"legs":"600,582"},
		{"prop":"0,489,0,0",		"legs":"600,582"},
		{"prop":"0,489,0,0",		"legs":"600,582"},
		{"prop":"0,489,0,0",		"legs":"600,582"},
		{"prop":"0,489,0,0",		"legs":"600,582"},
		{"prop":"400,618,0,0",		"legs":"600,582"},
		{"prop":"400,618,0,0",		"legs":"600,582"},
		{"prop":"0,747,0,0.8",		"legs":"600,582"},
		{"prop":"0,747,0,0.8",		"legs":"600,582"},
		{"prop":"0,747,0,0",		"legs":"600,582"},
		{"prop":"200,747,0,0",		"legs":"600,582"},
		{"prop":"200,747,0,0",		"legs":"600,582"},
		{"prop":"200,747,0,0",		"legs":"600,582"},
		{"prop":"0,489,0,0",		"legs":"600,582"},
		{"prop":"0,489,0,0",		"legs":"600,582"},
		{"prop":"0,489,0,0",		"legs":"600,582"},
		{"prop":"0,489,0,0",		"legs":"600,582"},
		{"prop":"0,489,0,0",		"legs":"600,582"},
		{"prop":"0,489,0,0",		"legs":"600,582"},
		{"prop":"0,489,0,0",		"legs":"600,582"},
		{"prop":"0,489,0,0",		"legs":"600,582"},
		{"prop":"0,489,0,0",		"legs":"600,582"},
		{"prop":"0,489,0,0",		"legs":"600,582"},
		{"prop":"0,489,0,0",		"legs":"600,582"},
		{"prop":"0,489,0,0",		"legs":"600,582"},
		{"prop":"0,489,0,0",		"legs":"600,582"},
		{"prop":"400,618,0,0",		"legs":"600,582"},
		{"prop":"400,618,0,0",		"legs":"600,582"},
		{"prop":"400,747,0,0",		"legs":"600,582"},
		{"prop":"400,747,0,0",		"legs":"600,582"},
		{"prop":"200,747,0,0",		"legs":"600,582"},
		{"prop":"200,747,0,0",		"legs":"600,582"},
		{"prop":"0,489,0,0",		"legs":"600,582"},
		{"prop":"0,489,0,0",		"legs":"600,582"},
		{"prop":"0,489,0,0",		"legs":"600,582"},
		{"prop":"0,489,0,0",		"legs":"600,582"},
		{"prop":"0,489,0,0",		"legs":"600,582"},
		{"prop":"0,489,0,0",		"legs":"600,582"},
		{"prop":"0,489,0,0",		"legs":"600,582"},
		{"prop":"0,489,0,0",		"legs":"600,582"},
		{"prop":"0,489,0,0",		"legs":"600,582"},
		{"prop":"0,489,0,0",		"legs":"600,582"},
		{"prop":"0,489,0,0",		"legs":"600,582"},
		{"prop":"0,489,0,0",		"legs":"600,582"},
		{"prop":"0,489,0,0",		"legs":"600,582"},
		{"prop":"0,489,0,0",		"legs":"600,582"},
		{"prop":"0,489,0,0",		"legs":"600,582"},
		{"prop":"0,489,0,0",		"legs":"600,582"},
		{"prop":"0,489,0,0",		"legs":"600,582"},
		{"prop":"0,489,0,0",		"legs":"600,582"},
		{"prop":"0,489,0,0",		"legs":"600,582"},
		{"prop":"0,489,0,0",		"legs":"600,582"},
		{"prop":"0,489,0,0",		"legs":"600,582"},
		{"prop":"0,489,0,0",		"legs":"600,582"},
		{"prop":"0,489,0,0",		"legs":"600,582"},
		{"prop":"0,489,0,0",		"legs":"600,582"},
		{"prop":"0,489,0,0",		"legs":"600,582"},
		{"prop":"0,489,0,0",		"legs":"600,582"},
		{"prop":"0,489,0,0",		"legs":"600,582"},
		{"prop":"0,489,0,0",		"legs":"600,582"},
		{"prop":"0,489,0,0",		"legs":"600,582"},
		{"prop":"0,489,0,0",		"legs":"600,582"},
		{"prop":"0,489,0,0",		"legs":"600,582"},
		{"prop":"0,489,0,0",		"legs":"600,582"},
		{"prop":"0,489,0,0",		"legs":"600,582"},
		{"prop":"0,489,0,0",		"legs":"600,582"},
		{"prop":"0,489,0,0",		"legs":"600,582"},
		{"prop":"0,489,0,0",		"legs":"600,582"},
		{"prop":"0,489,0,0",		"legs":"600,582"},
		{"prop":"0,489,0,0",		"legs":"600,582"},
		{"prop":"0,489,0,0",		"legs":"600,582"},
		{"prop":"0,489,0,0",		"legs":"600,582"},
		{"prop":"0,489,0,0",		"legs":"600,582"},
		{"prop":"0,489,0,0",		"legs":"600,582"},
		{"prop":"0,489,0,0",		"legs":"600,582"},
		{"prop":"0,489,0,0",		"legs":"600,582"},
		{"prop":"0,489,0,0",		"legs":"600,582"},
		{"prop":"0,489,0,0",		"legs":"600,582"},
		{"prop":"0,489,0,0",		"legs":"600,582"},
		{"prop":"0,489,0,0",		"legs":"600,582"},
		{"prop":"0,489,0,0",		"legs":"600,582"},
		{"prop":"0,489,0,0",		"legs":"600,582"},
		{"prop":"0,489,0,0",		"legs":"600,582"},
		{"prop":"0,489,0,0",		"legs":"600,582"},
		{"prop":"0,489,0,0",		"legs":"600,582"},
		{"prop":"0,489,0,0",		"legs":"600,582"},
		{"prop":"0,489,0,0",		"legs":"600,582"},
		{"prop":"0,489,0,0",		"legs":"600,582"},
		{"prop":"0,489,0,0",		"legs":"600,582"},
		{"prop":"0,489,0,0",		"legs":"600,582"},
		{"prop":"0,489,0,0",		"legs":"600,582"},
		{"prop":"0,489,0,0",		"legs":"600,582"},
		{"prop":"0,489,0,0",		"legs":"600,582"},
		{"prop":"0,489,0,0",		"legs":"600,582"},
		{"prop":"0,489,0,0",		"legs":"600,582"},
		{"prop":"0,489,0,0",		"legs":"600,582"},
		{"prop":"0,489,0,0",		"legs":"600,582"},
		{"prop":"0,489,0,0",		"legs":"600,582"},
		{"prop":"0,489,0,0",		"legs":"600,582"},
		{"prop":"0,489,0,0",		"legs":"600,582"},
		{"prop":"0,489,0,0",		"legs":"600,582"},
		{"prop":"0,489,0,0",		"legs":"600,582"},
		{"prop":"0,489,0,0",		"legs":"600,582"},
		{"prop":"0,489,0,0",		"legs":"600,582"},
		{"prop":"0,489,0,0",		"legs":"600,582"},
		{"prop":"0,489,0,0",		"legs":"600,582"},
		{"prop":"0,489,0,0",		"legs":"600,582"},
		{"prop":"0,489,0,0",		"legs":"600,582"},
		{"prop":"200,489,0,0",		"legs":"600,582"},
		{"prop":"200,489,0,0",		"legs":"600,582"}
	]
}