{
	"animeName":"green-effect",
	"percentageMax":"0.2",
	"totalFrame":"125",
	"width":"200",
	"height":"360",
	"headHeight":"129",
	"headPosY":"76",
	"legsHeight":"113",
	"legsPosY":"247",
	"arrayFrame":[
		{"prop":"0,360,0,0",		"legs":"600,876"},
		{"prop":"0,360,0,0",		"legs":"600,876"},
		{"prop":"0,360,0,0",		"legs":"600,876"},
		{"prop":"200,360,0,0",		"legs":"600,876"},
		{"prop":"200,360,0,0",		"legs":"600,876"},
		{"prop":"400,360,0,0",		"legs":"600,876"},
		{"prop":"400,360,0,0",		"legs":"600,876"},
		{"prop":"600,360,0,-2",		"legs":"0,1005"},
		{"prop":"600,360,0,-2",		"legs":"0,1005"},
		{"prop":"600,360,0,-2",		"legs":"0,1005"},
		{"prop":"600,360,0,-2",		"legs":"0,1005"},
		{"prop":"600,360,0,-2",		"legs":"0,1005"},
		{"prop":"600,360,0,-2",		"legs":"0,1005"},
		{"prop":"600,360,0,-2",		"legs":"0,1005"},
		{"prop":"600,360,0,-2",		"legs":"0,1005"},
		{"prop":"600,360,0,-2",		"legs":"0,1005"},
		{"prop":"0,489,0,0",		"legs":"600,876"},
		{"prop":"0,489,0,0",		"legs":"600,876"},
		{"prop":"0,489,0,0",		"legs":"600,876"},
		{"prop":"0,489,0,0",		"legs":"600,876"},
		{"prop":"0,489,0,0",		"legs":"600,876"},
		{"prop":"0,489,0,0",		"legs":"600,876"},
		{"prop":"0,489,0,0",		"legs":"600,876"},
		{"prop":"200,489,0,0",		"legs":"600,876"},
		{"prop":"200,489,0,-2",		"legs":"0,1005"},
		{"prop":"400,489,0,-4",		"legs":"0,1005"},
		{"prop":"400,489,0,-4",		"legs":"0,1005"},
		{"prop":"400,489,0,-4",		"legs":"0,1005"},
		{"prop":"400,489,0,-4",		"legs":"0,1005"},
		{"prop":"400,489,0,-4",		"legs":"0,1005"},
		{"prop":"400,489,0,-4",		"legs":"0,1005"},
		{"prop":"400,489,0,-4",		"legs":"0,1005"},
		{"prop":"400,489,0,-4",		"legs":"0,1005"},
		{"prop":"400,489,0,-4",		"legs":"0,1005"},
		{"prop":"400,489,0,-4",		"legs":"0,1005"},
		{"prop":"600,489,0,0",		"legs":"600,876"},
		{"prop":"600,489,0,0",		"legs":"600,876"},
		{"prop":"600,489,0,0",		"legs":"600,876"},
		{"prop":"600,489,0,0",		"legs":"600,876"},
		{"prop":"600,489,0,0",		"legs":"600,876"},
		{"prop":"600,489,0,0",		"legs":"600,876"},
		{"prop":"600,489,0,0",		"legs":"600,876"},
		{"prop":"600,489,0,0",		"legs":"600,876"},
		{"prop":"600,489,0,0",		"legs":"600,876"},
		{"prop":"600,489,0,0",		"legs":"600,876"},
		{"prop":"600,489,0,0",		"legs":"600,876"},
		{"prop":"0,618,0,2",		"legs":"200,1005"},
		{"prop":"0,618,0,2",		"legs":"200,1005"},
		{"prop":"200,618,0,0",		"legs":"600,876"},
		{"prop":"200,618,0,0",		"legs":"600,876"},
		{"prop":"200,618,0,0",		"legs":"600,876"},
		{"prop":"200,618,0,0",		"legs":"600,876"},
		{"prop":"200,618,0,0",		"legs":"600,876"},
		{"prop":"200,618,0,0",		"legs":"600,876"},
		{"prop":"200,618,0,0",		"legs":"600,876"},
		{"prop":"200,618,0,0",		"legs":"600,876"},
		{"prop":"200,618,0,0",		"legs":"600,876"},
		{"prop":"400,618,0,0",		"legs":"600,876"},
		{"prop":"400,618,0,0",		"legs":"600,876"},
		{"prop":"600,489,0,0",		"legs":"600,876"},
		{"prop":"600,489,0,0",		"legs":"600,876"},
		{"prop":"0,489,0,-5",		"legs":"0,1005"},
		{"prop":"0,489,0,-3.35",		"legs":"0,1005"},
		{"prop":"0,489,0,-1.65",		"legs":"400,1005"},
		{"prop":"0,489,0,0",		"legs":"600,876"},
		{"prop":"0,489,0,0",		"legs":"600,876"},
		{"prop":"0,489,0,0",		"legs":"600,876"},
		{"prop":"0,489,0,0",		"legs":"600,876"},
		{"prop":"0,489,0,0",		"legs":"600,876"},
		{"prop":"0,489,0,0",		"legs":"600,876"},
		{"prop":"0,489,0,0",		"legs":"600,876"},
		{"prop":"0,489,0,0",		"legs":"600,876"},
		{"prop":"0,489,0,0",		"legs":"600,876"},
		{"prop":"0,489,0,0",		"legs":"600,876"},
		{"prop":"0,489,0,0",		"legs":"600,876"},
		{"prop":"0,489,0,0",		"legs":"600,876"},
		{"prop":"0,489,0,0",		"legs":"600,876"},
		{"prop":"0,489,0,0",		"legs":"600,876"},
		{"prop":"200,489,0,0",		"legs":"600,876"},
		{"prop":"200,489,0,0",		"legs":"600,876"},
		{"prop":"200,489,0,0",		"legs":"600,876"},
		{"prop":"200,489,0,0",		"legs":"600,876"},
		{"prop":"600,618,0,0",		"legs":"600,876"},
		{"prop":"600,618,0,0",		"legs":"600,876"},
		{"prop":"0,360,0,0",		"legs":"600,876"},
		{"prop":"0,360,0,0",		"legs":"600,876"},
		{"prop":"0,747,0,0",		"legs":"600,876"},
		{"prop":"0,747,0,0",		"legs":"600,876"},
		{"prop":"0,747,0,0",		"legs":"600,876"},
		{"prop":"0,747,0,0",		"legs":"600,876"},
		{"prop":"0,747,0,0",		"legs":"600,876"},
		{"prop":"0,747,0,0",		"legs":"600,876"},
		{"prop":"0,747,0,0",		"legs":"600,876"},
		{"prop":"0,747,0,0",		"legs":"600,876"},
		{"prop":"0,747,0,0",		"legs":"600,876"},
		{"prop":"0,747,0,0",		"legs":"600,876"},
		{"prop":"0,747,0,0",		"legs":"600,876"},
		{"prop":"0,747,0,0",		"legs":"600,876"},
		{"prop":"0,747,0,0",		"legs":"600,876"},
		{"prop":"200,747,0,0",		"legs":"600,876"},
		{"prop":"200,747,0,0",		"legs":"600,876"},
		{"prop":"400,747,0,-4",		"legs":"400,1005"},
		{"prop":"400,747,0,-4",		"legs":"400,1005"},
		{"prop":"400,747,0,-4",		"legs":"400,1005"},
		{"prop":"400,747,0,-4",		"legs":"400,1005"},
		{"prop":"400,747,0,-4",		"legs":"400,1005"},
		{"prop":"400,747,0,-4",		"legs":"400,1005"},
		{"prop":"600,747,0,-4",		"legs":"400,1005"},
		{"prop":"600,747,0,-4",		"legs":"400,1005"},
		{"prop":"0,876,0,-4",		"legs":"400,1005"},
		{"prop":"0,876,0,-4",		"legs":"400,1005"},
		{"prop":"0,876,0,-4",		"legs":"400,1005"},
		{"prop":"0,876,0,-4",		"legs":"400,1005"},
		{"prop":"0,876,0,-4",		"legs":"400,1005"},
		{"prop":"0,876,0,-4",		"legs":"400,1005"},
		{"prop":"0,876,0,-4",		"legs":"400,1005"},
		{"prop":"0,876,0,-4",		"legs":"400,1005"},
		{"prop":"0,876,0,-4",		"legs":"400,1005"},
		{"prop":"0,876,0,-4",		"legs":"400,1005"},
		{"prop":"200,876,0,-4",		"legs":"400,1005"},
		{"prop":"200,876,0,-4",		"legs":"400,1005"},
		{"prop":"400,876,0,-4",		"legs":"400,1005"},
		{"prop":"400,876,0,-4",		"legs":"400,1005"},
		{"prop":"0,360,0,0",		"legs":"600,876"},
		{"prop":"0,360,0,0",		"legs":"600,876"}
	]
}