{
	"animeName":"orange-voice",
	"percentageMax":"0.2",
	"totalFrame":"82",
	"width":"200",
	"height":"360",
	"headHeight":"146",
	"headPosY":"87",
	"legsHeight":"108",
	"legsPosY":"252",
	"arrayFrame":[
		{"prop":"0,360,0,0",		"legs":"400,798"},
		{"prop":"0,360,0,0",		"legs":"400,798"},
		{"prop":"0,360,0,0",		"legs":"400,798"},
		{"prop":"0,360,0,0",		"legs":"400,798"},
		{"prop":"0,360,0,0",		"legs":"400,798"},
		{"prop":"0,360,0,0",		"legs":"400,798"},
		{"prop":"0,360,0,0",		"legs":"400,798"},
		{"prop":"0,360,0,0",		"legs":"400,798"},
		{"prop":"0,360,0,0",		"legs":"400,798"},
		{"prop":"0,360,0,0",		"legs":"400,798"},
		{"prop":"0,360,0,0",		"legs":"400,798"},
		{"prop":"0,360,0,0",		"legs":"400,798"},
		{"prop":"0,360,0,0",		"legs":"400,798"},
		{"prop":"0,360,0,0",		"legs":"400,798"},
		{"prop":"0,360,0,0",		"legs":"400,798"},
		{"prop":"0,360,0,0",		"legs":"400,798"},
		{"prop":"200,360,0,4",		"legs":"600,798"},
		{"prop":"200,360,0,4",		"legs":"600,798"},
		{"prop":"200,360,0,4",		"legs":"600,798"},
		{"prop":"400,360,0,4",		"legs":"600,798"},
		{"prop":"400,360,0,4",		"legs":"600,798"},
		{"prop":"600,360,0,4",		"legs":"600,798"},
		{"prop":"600,360,0,4",		"legs":"600,798"},
		{"prop":"0,506,0,-6",		"legs":"0,944"},
		{"prop":"0,506,0,-3.35",		"legs":"0,944"},
		{"prop":"0,506,0,-0.65",		"legs":"0,944"},
		{"prop":"200,506,0,2",		"legs":"200,944"},
		{"prop":"200,506,0,2",		"legs":"200,944"},
		{"prop":"400,506,0,2",		"legs":"200,944"},
		{"prop":"400,506,0,2",		"legs":"200,944"},
		{"prop":"600,506,0,2",		"legs":"200,944"},
		{"prop":"600,506,0,2",		"legs":"200,944"},
		{"prop":"0,652,0,2",		"legs":"200,944"},
		{"prop":"0,652,0,2",		"legs":"200,944"},
		{"prop":"0,360,0,2",		"legs":"200,944"},
		{"prop":"0,360,0,2",		"legs":"200,944"},
		{"prop":"0,360,0,2",		"legs":"200,944"},
		{"prop":"0,360,0,2",		"legs":"200,944"},
		{"prop":"0,360,0,2",		"legs":"200,944"},
		{"prop":"0,360,0,2",		"legs":"200,944"},
		{"prop":"0,360,0,2",		"legs":"200,944"},
		{"prop":"0,360,0,2",		"legs":"200,944"},
		{"prop":"0,360,0,2",		"legs":"200,944"},
		{"prop":"0,360,0,2",		"legs":"200,944"},
		{"prop":"0,360,0,2",		"legs":"200,944"},
		{"prop":"0,360,0,2",		"legs":"200,944"},
		{"prop":"0,360,0,2",		"legs":"200,944"},
		{"prop":"0,360,0,2",		"legs":"200,944"},
		{"prop":"0,360,0,2",		"legs":"200,944"},
		{"prop":"0,360,0,2",		"legs":"200,944"},
		{"prop":"0,360,0,2",		"legs":"200,944"},
		{"prop":"0,360,0,2",		"legs":"200,944"},
		{"prop":"0,360,0,2",		"legs":"200,944"},
		{"prop":"0,360,0,2",		"legs":"200,944"},
		{"prop":"0,360,0,2",		"legs":"200,944"},
		{"prop":"0,360,0,2",		"legs":"200,944"},
		{"prop":"0,360,0,2",		"legs":"200,944"},
		{"prop":"200,360,0,-4",		"legs":"0,944"},
		{"prop":"200,360,0,-4",		"legs":"0,944"},
		{"prop":"200,360,0,-4",		"legs":"0,944"},
		{"prop":"600,360,0,-4",		"legs":"0,944"},
		{"prop":"600,360,0,-4",		"legs":"0,944"},
		{"prop":"600,360,0,-4",		"legs":"0,944"},
		{"prop":"200,652,0,-4",		"legs":"0,944"},
		{"prop":"200,652,0,-4",		"legs":"0,944"},
		{"prop":"400,652,0,7",		"legs":"400,944"},
		{"prop":"400,652,0,5.6",		"legs":"400,944"},
		{"prop":"600,652,0,4.2",		"legs":"600,798"},
		{"prop":"600,652,0,2.8",		"legs":"600,944"},
		{"prop":"0,798,0,1.4",		"legs":"400,798"},
		{"prop":"0,798,0,0",		"legs":"400,798"},
		{"prop":"0,798,0,0",		"legs":"400,798"},
		{"prop":"200,798,0,0",		"legs":"400,798"},
		{"prop":"200,798,0,0",		"legs":"400,798"},
		{"prop":"0,652,0,0",		"legs":"400,798"},
		{"prop":"0,652,0,0",		"legs":"400,798"},
		{"prop":"0,360,0,0",		"legs":"400,798"},
		{"prop":"0,360,0,0",		"legs":"400,798"},
		{"prop":"0,360,0,0",		"legs":"400,798"},
		{"prop":"0,360,0,0",		"legs":"400,798"},
		{"prop":"0,360,0,0",		"legs":"400,798"},
		{"prop":"0,360,0,0",		"legs":"400,798"}
	]
}