{
	"animeName":"orange-effect",
	"percentageMax":"0.2",
	"totalFrame":"164",
	"width":"200",
	"height":"360",
	"headHeight":"139",
	"headPosY":"90",
	"legsHeight":"105",
	"legsPosY":"255",
	"arrayFrame":[
		{"prop":"0,360,0,6",		"legs":"0,916"},
		{"prop":"0,360,0,5",		"legs":"0,916"},
		{"prop":"200,360,0,4",		"legs":"0,916"},
		{"prop":"200,360,0,3",		"legs":"200,916"},
		{"prop":"0,360,0,2",		"legs":"200,916"},
		{"prop":"0,360,0,1",		"legs":"400,916"},
		{"prop":"0,360,0,0",		"legs":"400,916"},
		{"prop":"400,360,0,-1",		"legs":"400,916"},
		{"prop":"400,360,0,-2",		"legs":"600,916"},
		{"prop":"400,360,0,-3",		"legs":"600,916"},
		{"prop":"400,360,0,-3",		"legs":"600,916"},
		{"prop":"400,360,0,-3",		"legs":"600,916"},
		{"prop":"400,360,0,-3",		"legs":"600,916"},
		{"prop":"400,360,0,-3",		"legs":"600,916"},
		{"prop":"400,360,0,-3",		"legs":"600,916"},
		{"prop":"400,360,0,-3",		"legs":"600,916"},
		{"prop":"600,360,0,-3",		"legs":"600,916"},
		{"prop":"600,360,0,-3",		"legs":"600,916"},
		{"prop":"0,499,-0.5,0",		"legs":"600,916"},
		{"prop":"0,499,0.5,0",		"legs":"0,1055"},
		{"prop":"0,499,-0.5,0",		"legs":"600,916"},
		{"prop":"0,499,0.5,0",		"legs":"0,1055"},
		{"prop":"0,499,-0.5,0",		"legs":"600,916"},
		{"prop":"0,499,0.5,0",		"legs":"0,1055"},
		{"prop":"0,499,-0.5,0",		"legs":"600,916"},
		{"prop":"0,499,0.5,0",		"legs":"0,1055"},
		{"prop":"0,499,-0.5,0",		"legs":"600,916"},
		{"prop":"0,499,0.5,0",		"legs":"0,1055"},
		{"prop":"0,499,-0.5,0",		"legs":"600,916"},
		{"prop":"0,499,0.5,0",		"legs":"0,1055"},
		{"prop":"200,499,-0.5,0",		"legs":"600,916"},
		{"prop":"200,499,0.5,0",		"legs":"0,1055"},
		{"prop":"200,499,-0.5,0",		"legs":"600,916"},
		{"prop":"200,499,0.5,0",		"legs":"600,916"},
		{"prop":"400,499,-0.5,-4",		"legs":"0,1055"},
		{"prop":"400,499,0.5,-3",		"legs":"0,1055"},
		{"prop":"600,499,-0.5,-2",		"legs":"600,916"},
		{"prop":"600,499,0,0",		"legs":"600,916"},
		{"prop":"600,499,0,0",		"legs":"600,916"},
		{"prop":"600,499,0,0",		"legs":"600,916"},
		{"prop":"600,499,0,0",		"legs":"600,916"},
		{"prop":"0,638,0,0",		"legs":"600,916"},
		{"prop":"0,638,0,0",		"legs":"600,916"},
		{"prop":"0,638,0,0",		"legs":"600,916"},
		{"prop":"0,638,0,0",		"legs":"600,916"},
		{"prop":"0,638,0,0",		"legs":"600,916"},
		{"prop":"0,638,0,0",		"legs":"600,916"},
		{"prop":"200,638,0,0",		"legs":"600,916"},
		{"prop":"200,638,0,0",		"legs":"600,916"},
		{"prop":"200,638,0,0",		"legs":"600,916"},
		{"prop":"200,638,0,0",		"legs":"600,916"},
		{"prop":"200,638,0,0",		"legs":"600,916"},
		{"prop":"200,638,0,0",		"legs":"600,916"},
		{"prop":"200,638,0,0",		"legs":"600,916"},
		{"prop":"400,638,0,0",		"legs":"600,916"},
		{"prop":"400,638,0,0",		"legs":"600,916"},
		{"prop":"600,638,0,0",		"legs":"600,916"},
		{"prop":"600,638,0,0",		"legs":"600,916"},
		{"prop":"600,638,0,0",		"legs":"600,916"},
		{"prop":"600,638,0,0",		"legs":"600,916"},
		{"prop":"600,638,0,0",		"legs":"600,916"},
		{"prop":"600,638,0,0",		"legs":"600,916"},
		{"prop":"600,638,0,0",		"legs":"600,916"},
		{"prop":"600,638,0,0",		"legs":"600,916"},
		{"prop":"600,638,0,0",		"legs":"600,916"},
		{"prop":"600,638,0,0",		"legs":"600,916"},
		{"prop":"0,777,0,0",		"legs":"600,916"},
		{"prop":"0,777,0,0",		"legs":"600,916"},
		{"prop":"0,777,0,0",		"legs":"600,916"},
		{"prop":"0,777,0,0",		"legs":"600,916"},
		{"prop":"0,777,0,0",		"legs":"600,916"},
		{"prop":"0,777,0,0",		"legs":"600,916"},
		{"prop":"0,777,0,0",		"legs":"600,916"},
		{"prop":"200,777,1,-3",		"legs":"0,1055"},
		{"prop":"200,777,-1,-2",		"legs":"400,916"},
		{"prop":"400,777,1,-1",		"legs":"600,916"},
		{"prop":"400,777,0,0",		"legs":"600,916"},
		{"prop":"400,777,0,0",		"legs":"600,916"},
		{"prop":"400,777,0,0",		"legs":"600,916"},
		{"prop":"400,777,0,0",		"legs":"600,916"},
		{"prop":"400,777,0,0",		"legs":"600,916"},
		{"prop":"400,777,0,0",		"legs":"600,916"},
		{"prop":"400,777,0,0",		"legs":"600,916"},
		{"prop":"400,777,0,0",		"legs":"600,916"},
		{"prop":"400,777,0,0",		"legs":"600,916"},
		{"prop":"400,777,0,0",		"legs":"600,916"},
		{"prop":"400,777,0,0",		"legs":"600,916"},
		{"prop":"400,777,0,0",		"legs":"600,916"},
		{"prop":"400,777,0,0",		"legs":"600,916"},
		{"prop":"400,777,0,0",		"legs":"600,916"},
		{"prop":"400,777,0,0",		"legs":"600,916"},
		{"prop":"400,777,0,0",		"legs":"600,916"},
		{"prop":"400,777,0,0",		"legs":"600,916"},
		{"prop":"400,777,0,0",		"legs":"600,916"},
		{"prop":"400,777,0,0",		"legs":"600,916"},
		{"prop":"400,777,0,0",		"legs":"600,916"},
		{"prop":"400,777,0,0",		"legs":"600,916"},
		{"prop":"400,777,0,0",		"legs":"600,916"},
		{"prop":"400,777,0,0",		"legs":"600,916"},
		{"prop":"400,777,0,0",		"legs":"600,916"},
		{"prop":"400,777,0,0",		"legs":"600,916"},
		{"prop":"400,777,0,0",		"legs":"600,916"},
		{"prop":"400,777,0,0",		"legs":"600,916"},
		{"prop":"400,777,0,0",		"legs":"600,916"},
		{"prop":"400,777,0,0",		"legs":"600,916"},
		{"prop":"400,777,0,0",		"legs":"600,916"},
		{"prop":"400,777,0,0",		"legs":"600,916"},
		{"prop":"400,777,0,0",		"legs":"600,916"},
		{"prop":"400,777,0,0",		"legs":"600,916"},
		{"prop":"400,777,0,0",		"legs":"600,916"},
		{"prop":"400,777,0,0",		"legs":"600,916"},
		{"prop":"400,777,0,0",		"legs":"600,916"},
		{"prop":"400,777,0,0",		"legs":"600,916"},
		{"prop":"400,777,0,0",		"legs":"600,916"},
		{"prop":"400,777,0,0",		"legs":"600,916"},
		{"prop":"400,777,0,0",		"legs":"600,916"},
		{"prop":"400,777,0,0",		"legs":"600,916"},
		{"prop":"400,777,0,0",		"legs":"600,916"},
		{"prop":"400,777,0,0",		"legs":"600,916"},
		{"prop":"400,777,0,0",		"legs":"600,916"},
		{"prop":"400,777,0,0",		"legs":"600,916"},
		{"prop":"400,777,0,0",		"legs":"600,916"},
		{"prop":"400,777,0,0",		"legs":"600,916"},
		{"prop":"400,777,0,0",		"legs":"600,916"},
		{"prop":"400,777,0,0",		"legs":"600,916"},
		{"prop":"400,777,0,0",		"legs":"600,916"},
		{"prop":"400,777,0,0",		"legs":"600,916"},
		{"prop":"400,777,0,0",		"legs":"600,916"},
		{"prop":"400,777,0,0",		"legs":"600,916"},
		{"prop":"400,777,0,0",		"legs":"600,916"},
		{"prop":"400,777,0,0",		"legs":"600,916"},
		{"prop":"400,777,0,0",		"legs":"600,916"},
		{"prop":"400,777,0,0",		"legs":"600,916"},
		{"prop":"400,777,0,0",		"legs":"600,916"},
		{"prop":"400,777,0,0",		"legs":"600,916"},
		{"prop":"400,777,0,0",		"legs":"600,916"},
		{"prop":"400,777,0,0",		"legs":"600,916"},
		{"prop":"400,777,0,0",		"legs":"600,916"},
		{"prop":"400,777,0,0",		"legs":"600,916"},
		{"prop":"400,777,0,0",		"legs":"600,916"},
		{"prop":"400,777,0,0",		"legs":"600,916"},
		{"prop":"400,777,0,0",		"legs":"600,916"},
		{"prop":"400,777,0,0",		"legs":"600,916"},
		{"prop":"400,777,0,0",		"legs":"600,916"},
		{"prop":"400,777,0,0",		"legs":"600,916"},
		{"prop":"400,777,0,0",		"legs":"600,916"},
		{"prop":"400,777,0,0",		"legs":"600,916"},
		{"prop":"400,777,0,0",		"legs":"600,916"},
		{"prop":"400,777,0,0",		"legs":"600,916"},
		{"prop":"400,777,0,0",		"legs":"600,916"},
		{"prop":"400,777,0,0",		"legs":"600,916"},
		{"prop":"400,777,0,0",		"legs":"600,916"},
		{"prop":"400,777,0,0",		"legs":"600,916"},
		{"prop":"400,777,0,0",		"legs":"600,916"},
		{"prop":"400,777,0,0",		"legs":"600,916"},
		{"prop":"400,777,0,0",		"legs":"600,916"},
		{"prop":"400,777,0,0",		"legs":"600,916"},
		{"prop":"400,777,0,0",		"legs":"600,916"},
		{"prop":"400,777,0,0",		"legs":"600,916"},
		{"prop":"400,777,0,0",		"legs":"600,916"},
		{"prop":"400,777,0,0",		"legs":"600,916"},
		{"prop":"400,777,0,0",		"legs":"600,916"},
		{"prop":"600,777,0,0",		"legs":"600,916"},
		{"prop":"600,777,0,0",		"legs":"600,916"}
	]
}