{
	"animeName":"orange-melo",
	"percentageMax":"0.2",
	"totalFrame":"41",
	"width":"200",
	"height":"360",
	"headHeight":"140",
	"headPosY":"88",
	"legsHeight":"108",
	"legsPosY":"252",
	"arrayFrame":[
		{"prop":"0,360,0,-1",		"legs":"600,780"},
		{"prop":"0,360,0,-1",		"legs":"600,780"},
		{"prop":"200,360,0,2",		"legs":"0,920"},
		{"prop":"200,360,0,2",		"legs":"0,920"},
		{"prop":"0,360,0,-2",		"legs":"600,780"},
		{"prop":"0,360,0,-2",		"legs":"600,780"},
		{"prop":"400,360,0,2",		"legs":"200,920"},
		{"prop":"400,360,0,2",		"legs":"200,920"},
		{"prop":"600,360,0,-2",		"legs":"600,780"},
		{"prop":"600,360,0,-2",		"legs":"600,780"},
		{"prop":"0,500,0,-2",		"legs":"0,920"},
		{"prop":"0,500,0,-2",		"legs":"0,920"},
		{"prop":"0,360,0,0",		"legs":"600,780"},
		{"prop":"0,360,0,0",		"legs":"600,780"},
		{"prop":"200,360,0,1",		"legs":"200,920"},
		{"prop":"200,360,0,1",		"legs":"200,920"},
		{"prop":"200,500,0,-2",		"legs":"600,780"},
		{"prop":"200,500,0,-2",		"legs":"600,780"},
		{"prop":"400,360,0,0",		"legs":"0,920"},
		{"prop":"400,360,0,0",		"legs":"0,920"},
		{"prop":"400,500,0,1",		"legs":"600,780"},
		{"prop":"400,500,0,1",		"legs":"600,780"},
		{"prop":"0,500,0,-2",		"legs":"0,920"},
		{"prop":"0,500,0,-2",		"legs":"0,920"},
		{"prop":"600,500,0,-2",		"legs":"0,920"},
		{"prop":"0,640,0,-9",		"legs":"600,780"},
		{"prop":"0,640,0,-9",		"legs":"600,780"},
		{"prop":"200,640,0,-9",		"legs":"600,780"},
		{"prop":"200,640,0,-9",		"legs":"600,780"},
		{"prop":"200,640,0,-9",		"legs":"600,780"},
		{"prop":"400,640,0,0",		"legs":"200,920"},
		{"prop":"600,640,0,0",		"legs":"200,920"},
		{"prop":"600,640,0,0",		"legs":"200,920"},
		{"prop":"0,780,0,1",		"legs":"400,920"},
		{"prop":"0,780,0,-2",		"legs":"0,920"},
		{"prop":"200,780,0,-2",		"legs":"0,920"},
		{"prop":"200,780,0,0",		"legs":"200,920"},
		{"prop":"200,500,0,0",		"legs":"200,920"},
		{"prop":"200,500,0,0",		"legs":"0,920"},
		{"prop":"400,780,0,0",		"legs":"0,920"},
		{"prop":"400,780,0,0",		"legs":"0,920"}
	]
}