{
	"animeName":"red-voice",
	"percentageMax":"0.2",
	"totalFrame":"60",
	"width":"200",
	"height":"360",
	"headHeight":"144",
	"headPosY":"99",
	"legsHeight":"100",
	"legsPosY":"260",
	"arrayFrame":[
		{"prop":"0,360,0,0",		"legs":"200,936"},
		{"prop":"0,360,0,0",		"legs":"200,936"},
		{"prop":"0,360,0,0",		"legs":"200,936"},
		{"prop":"200,360,0,0",		"legs":"200,936"},
		{"prop":"200,360,0,0",		"legs":"200,936"},
		{"prop":"200,360,0,0",		"legs":"200,936"},
		{"prop":"200,360,0,0",		"legs":"200,936"},
		{"prop":"400,360,0,0",		"legs":"200,936"},
		{"prop":"400,360,0,4",		"legs":"400,936"},
		{"prop":"600,360,0,3.35",		"legs":"400,936"},
		{"prop":"600,360,0,2.65",		"legs":"600,936"},
		{"prop":"600,360,0,2",		"legs":"600,936"},
		{"prop":"600,360,0,1.35",		"legs":"200,936"},
		{"prop":"0,504,0,0.65",		"legs":"200,936"},
		{"prop":"0,504,0,0",		"legs":"200,936"},
		{"prop":"200,504,0,0",		"legs":"200,936"},
		{"prop":"200,504,0,0",		"legs":"200,936"},
		{"prop":"200,504,0,-6",		"legs":"0,1080"},
		{"prop":"400,504,0,-4.8",		"legs":"0,1080"},
		{"prop":"400,504,0,-3.6",		"legs":"0,1080"},
		{"prop":"400,504,0,-2.4",		"legs":"200,936"},
		{"prop":"600,504,0,-1.2",		"legs":"200,936"},
		{"prop":"600,504,0,0",		"legs":"200,936"},
		{"prop":"0,648,0,0",		"legs":"200,936"},
		{"prop":"0,648,0,0",		"legs":"200,936"},
		{"prop":"200,648,0,0",		"legs":"200,936"},
		{"prop":"200,648,0,0",		"legs":"200,936"},
		{"prop":"200,648,0,0",		"legs":"200,936"},
		{"prop":"200,648,0,0",		"legs":"200,936"},
		{"prop":"400,648,0,0",		"legs":"200,936"},
		{"prop":"400,648,0,0",		"legs":"200,936"},
		{"prop":"600,648,0,0",		"legs":"200,936"},
		{"prop":"600,648,0,0",		"legs":"200,936"},
		{"prop":"600,648,0,4",		"legs":"400,936"},
		{"prop":"600,648,0,4",		"legs":"400,936"},
		{"prop":"600,648,0,-4",		"legs":"0,1080"},
		{"prop":"0,792,0,-3.55",		"legs":"0,1080"},
		{"prop":"0,792,0,-3.1",		"legs":"0,1080"},
		{"prop":"0,792,0,-2.65",		"legs":"0,1080"},
		{"prop":"200,792,0,-2.2",		"legs":"0,1080"},
		{"prop":"200,792,0,-1.8",		"legs":"0,1080"},
		{"prop":"200,792,0,-1.35",		"legs":"0,1080"},
		{"prop":"200,792,0,-0.9",		"legs":"0,1080"},
		{"prop":"200,792,0,-0.45",		"legs":"0,1080"},
		{"prop":"400,792,0,0",		"legs":"0,1080"},
		{"prop":"400,792,0,6",		"legs":"400,936"},
		{"prop":"600,792,0,4.5",		"legs":"400,936"},
		{"prop":"600,792,0,3",		"legs":"600,936"},
		{"prop":"0,936,0,1.5",		"legs":"600,936"},
		{"prop":"0,936,0,0",		"legs":"200,936"},
		{"prop":"0,936,0,0",		"legs":"200,936"},
		{"prop":"0,936,0,0",		"legs":"200,936"},
		{"prop":"0,360,0,0",		"legs":"200,936"},
		{"prop":"0,360,0,0",		"legs":"200,936"},
		{"prop":"0,360,0,0",		"legs":"200,936"},
		{"prop":"0,360,0,0",		"legs":"200,936"},
		{"prop":"0,360,0,0",		"legs":"200,936"},
		{"prop":"0,360,0,0",		"legs":"200,936"},
		{"prop":"0,360,0,0",		"legs":"200,936"},
		{"prop":"0,360,0,0",		"legs":"200,936"}
	]
}