{
	"animeName":"yellow-effect",
	"percentageMax":"0.2",
	"totalFrame":"101",
	"width":"200",
	"height":"360",
	"headHeight":"173",
	"headPosY":"34",
	"legsHeight":"112",
	"legsPosY":"248",
	"arrayFrame":[
		{"prop":"0,360,0,0",		"legs":"0,1052"},
		{"prop":"0,360,0,0",		"legs":"0,1052"},
		{"prop":"0,360,0,0",		"legs":"0,1052"},
		{"prop":"0,360,0,0",		"legs":"0,1052"},
		{"prop":"0,360,0,0",		"legs":"0,1052"},
		{"prop":"0,360,0,0",		"legs":"0,1052"},
		{"prop":"0,360,0,0",		"legs":"0,1052"},
		{"prop":"0,360,0,0",		"legs":"0,1052"},
		{"prop":"0,360,0,0",		"legs":"0,1052"},
		{"prop":"0,360,0,0",		"legs":"0,1052"},
		{"prop":"0,360,0,0",		"legs":"0,1052"},
		{"prop":"0,360,0,0",		"legs":"0,1052"},
		{"prop":"0,360,0,0",		"legs":"0,1052"},
		{"prop":"0,360,0,0",		"legs":"0,1052"},
		{"prop":"0,360,0,0",		"legs":"0,1052"},
		{"prop":"0,360,0,0",		"legs":"0,1052"},
		{"prop":"0,360,0,0",		"legs":"0,1052"},
		{"prop":"0,360,0,0",		"legs":"0,1052"},
		{"prop":"0,360,0,0",		"legs":"0,1052"},
		{"prop":"0,360,0,0",		"legs":"0,1052"},
		{"prop":"0,360,0,0",		"legs":"0,1052"},
		{"prop":"0,360,0,0",		"legs":"0,1052"},
		{"prop":"0,360,0,0",		"legs":"0,1052"},
		{"prop":"0,360,0,0",		"legs":"0,1052"},
		{"prop":"0,360,0,0",		"legs":"0,1052"},
		{"prop":"0,360,0,0",		"legs":"0,1052"},
		{"prop":"0,360,0,0",		"legs":"0,1052"},
		{"prop":"0,360,0,0",		"legs":"0,1052"},
		{"prop":"0,360,0,0",		"legs":"0,1052"},
		{"prop":"0,360,0,0",		"legs":"0,1052"},
		{"prop":"0,360,0,0",		"legs":"0,1052"},
		{"prop":"0,360,0,0",		"legs":"0,1052"},
		{"prop":"0,360,0,0",		"legs":"0,1052"},
		{"prop":"0,360,0,0",		"legs":"0,1052"},
		{"prop":"0,360,0,0",		"legs":"0,1052"},
		{"prop":"0,360,0,0",		"legs":"0,1052"},
		{"prop":"0,360,0,0",		"legs":"0,1052"},
		{"prop":"200,360,0,5",		"legs":"200,1052"},
		{"prop":"200,360,0,5",		"legs":"200,1052"},
		{"prop":"200,360,0,5",		"legs":"200,1052"},
		{"prop":"200,360,0,5",		"legs":"200,1052"},
		{"prop":"400,360,0,5",		"legs":"200,1052"},
		{"prop":"400,360,0,5",		"legs":"200,1052"},
		{"prop":"400,360,0,5",		"legs":"200,1052"},
		{"prop":"400,360,0,5",		"legs":"200,1052"},
		{"prop":"200,360,0,5",		"legs":"200,1052"},
		{"prop":"200,360,0,5",		"legs":"200,1052"},
		{"prop":"200,360,0,5",		"legs":"200,1052"},
		{"prop":"200,360,0,5",		"legs":"200,1052"},
		{"prop":"400,360,0,5",		"legs":"200,1052"},
		{"prop":"400,360,0,5",		"legs":"200,1052"},
		{"prop":"400,360,0,5",		"legs":"200,1052"},
		{"prop":"600,360,0,3",		"legs":"400,1052"},
		{"prop":"600,360,0,3",		"legs":"400,1052"},
		{"prop":"600,360,0,3",		"legs":"400,1052"},
		{"prop":"600,360,0,3",		"legs":"400,1052"},
		{"prop":"0,533,0,3",		"legs":"400,1052"},
		{"prop":"0,533,0,3",		"legs":"400,1052"},
		{"prop":"0,533,0,3",		"legs":"400,1052"},
		{"prop":"0,533,0,3",		"legs":"400,1052"},
		{"prop":"0,533,0,3",		"legs":"400,1052"},
		{"prop":"0,533,0,3",		"legs":"400,1052"},
		{"prop":"200,533,0,3",		"legs":"400,1052"},
		{"prop":"200,533,0,3",		"legs":"400,1052"},
		{"prop":"200,533,0,3",		"legs":"400,1052"},
		{"prop":"200,533,0,3",		"legs":"400,1052"},
		{"prop":"200,533,0,3",		"legs":"400,1052"},
		{"prop":"400,533,0,1",		"legs":"600,1052"},
		{"prop":"400,533,0,1",		"legs":"600,1052"},
		{"prop":"400,533,0,1",		"legs":"600,1052"},
		{"prop":"400,533,0,1",		"legs":"600,1052"},
		{"prop":"600,533,0,1",		"legs":"600,1052"},
		{"prop":"600,533,0,1",		"legs":"600,1052"},
		{"prop":"600,533,0,1",		"legs":"600,1052"},
		{"prop":"600,533,0,1",		"legs":"600,1052"},
		{"prop":"600,533,0,1",		"legs":"600,1052"},
		{"prop":"0,706,0,1",		"legs":"600,1052"},
		{"prop":"0,706,0,1",		"legs":"600,1052"},
		{"prop":"0,706,0,1",		"legs":"600,1052"},
		{"prop":"0,706,0,1",		"legs":"600,1052"},
		{"prop":"600,533,0,1",		"legs":"600,1052"},
		{"prop":"600,533,0,1",		"legs":"600,1052"},
		{"prop":"600,533,0,1",		"legs":"600,1052"},
		{"prop":"600,533,0,1",		"legs":"600,1052"},
		{"prop":"200,706,0,-1",		"legs":"0,1052"},
		{"prop":"200,706,0,-1",		"legs":"0,1052"},
		{"prop":"200,706,0,-1",		"legs":"0,1052"},
		{"prop":"400,706,0,-1",		"legs":"0,1052"},
		{"prop":"400,706,0,-1",		"legs":"0,1052"},
		{"prop":"400,706,0,-1",		"legs":"0,1052"},
		{"prop":"400,706,0,-1",		"legs":"0,1052"},
		{"prop":"400,706,0,-1",		"legs":"0,1052"},
		{"prop":"600,706,0,-1",		"legs":"0,1052"},
		{"prop":"600,706,0,-1",		"legs":"0,1052"},
		{"prop":"600,706,0,-1",		"legs":"0,1052"},
		{"prop":"0,879,0,-6",		"legs":"0,1225"},
		{"prop":"200,879,0,-4",		"legs":"0,1225"},
		{"prop":"400,879,0,-2",		"legs":"0,1225"},
		{"prop":"600,879,0,0",		"legs":"0,1052"},
		{"prop":"600,879,0,0",		"legs":"0,1052"},
		{"prop":"0,360,0,0",		"legs":"0,1052"}
	]
}