{
	"animeName":"yellow-melo",
	"percentageMax":"0.2",
	"totalFrame":"82",
	"width":"200",
	"height":"360",
	"headHeight":"170",
	"headPosY":"37",
	"legsHeight":"112",
	"legsPosY":"248",
	"arrayFrame":[
		{"prop":"0,360,0,2",		"legs":"200,1040"},
		{"prop":"0,360,0,2",		"legs":"200,1040"},
		{"prop":"200,360,0,2",		"legs":"200,1040"},
		{"prop":"200,360,0,2",		"legs":"200,1040"},
		{"prop":"200,360,0,2",		"legs":"200,1040"},
		{"prop":"400,360,0,2",		"legs":"200,1040"},
		{"prop":"400,360,0,2",		"legs":"200,1040"},
		{"prop":"400,360,0,2",		"legs":"200,1040"},
		{"prop":"400,360,0,2",		"legs":"200,1040"},
		{"prop":"600,360,0,-2",		"legs":"400,1040"},
		{"prop":"600,360,0,-2",		"legs":"400,1040"},
		{"prop":"0,530,0,-2",		"legs":"400,1040"},
		{"prop":"0,530,0,-2",		"legs":"400,1040"},
		{"prop":"0,530,0,-2",		"legs":"400,1040"},
		{"prop":"200,530,0,-2",		"legs":"400,1040"},
		{"prop":"200,530,0,-2",		"legs":"400,1040"},
		{"prop":"400,530,0,-2",		"legs":"400,1040"},
		{"prop":"400,530,0,-2",		"legs":"400,1040"},
		{"prop":"400,530,0,-2",		"legs":"400,1040"},
		{"prop":"600,530,0,6",		"legs":"600,1040"},
		{"prop":"600,530,0,6",		"legs":"600,1040"},
		{"prop":"0,700,0,6",		"legs":"600,1040"},
		{"prop":"0,700,0,6",		"legs":"600,1040"},
		{"prop":"0,700,0,6",		"legs":"600,1040"},
		{"prop":"0,700,0,5.85",		"legs":"600,1040"},
		{"prop":"0,700,0,5.35",		"legs":"0,1210"},
		{"prop":"0,700,0,4.5",		"legs":"0,1210"},
		{"prop":"200,700,0,3.35",		"legs":"200,1040"},
		{"prop":"200,700,0,1.85",		"legs":"200,1040"},
		{"prop":"400,700,0,0",		"legs":"200,1210"},
		{"prop":"400,700,0,0",		"legs":"200,1210"},
		{"prop":"400,700,0,0",		"legs":"200,1210"},
		{"prop":"400,700,0,0",		"legs":"200,1210"},
		{"prop":"400,700,0,0",		"legs":"200,1210"},
		{"prop":"600,700,0,0",		"legs":"200,1210"},
		{"prop":"600,700,0,0",		"legs":"200,1210"},
		{"prop":"0,870,0,3",		"legs":"200,1040"},
		{"prop":"0,870,0,3",		"legs":"200,1040"},
		{"prop":"0,870,0,3",		"legs":"200,1040"},
		{"prop":"600,700,0,3",		"legs":"200,1040"},
		{"prop":"600,700,0,3",		"legs":"200,1040"},
		{"prop":"600,700,0,3",		"legs":"200,1040"},
		{"prop":"600,700,0,3",		"legs":"200,1040"},
		{"prop":"600,700,0,3",		"legs":"200,1040"},
		{"prop":"200,870,0,6",		"legs":"0,1210"},
		{"prop":"200,870,0,6",		"legs":"0,1210"},
		{"prop":"200,870,0,6",		"legs":"0,1210"},
		{"prop":"400,870,0,6",		"legs":"0,1210"},
		{"prop":"400,870,0,6",		"legs":"0,1210"},
		{"prop":"600,360,0,-2",		"legs":"400,1040"},
		{"prop":"600,360,0,-2",		"legs":"400,1040"},
		{"prop":"0,530,0,-2",		"legs":"400,1040"},
		{"prop":"0,530,0,-2",		"legs":"400,1040"},
		{"prop":"0,530,0,-2",		"legs":"400,1040"},
		{"prop":"200,530,0,-2",		"legs":"400,1040"},
		{"prop":"200,530,0,-2",		"legs":"400,1040"},
		{"prop":"400,530,0,-2",		"legs":"400,1040"},
		{"prop":"400,530,0,-2",		"legs":"400,1040"},
		{"prop":"400,530,0,-2",		"legs":"400,1040"},
		{"prop":"600,870,0,6",		"legs":"600,1040"},
		{"prop":"600,870,0,6",		"legs":"600,1040"},
		{"prop":"0,700,0,6",		"legs":"600,1040"},
		{"prop":"0,700,0,6",		"legs":"600,1040"},
		{"prop":"0,700,0,6",		"legs":"600,1040"},
		{"prop":"0,700,0,5.85",		"legs":"600,1040"},
		{"prop":"0,700,0,5.35",		"legs":"0,1210"},
		{"prop":"0,700,0,4.5",		"legs":"0,1210"},
		{"prop":"200,700,0,3.35",		"legs":"200,1040"},
		{"prop":"200,700,0,1.85",		"legs":"200,1040"},
		{"prop":"400,700,0,0",		"legs":"200,1210"},
		{"prop":"400,700,0,0",		"legs":"200,1210"},
		{"prop":"400,700,0,0",		"legs":"200,1210"},
		{"prop":"400,700,0,0",		"legs":"200,1210"},
		{"prop":"400,700,0,0",		"legs":"200,1210"},
		{"prop":"400,700,0,0",		"legs":"200,1210"},
		{"prop":"400,700,0,0",		"legs":"200,1210"},
		{"prop":"400,700,0,0",		"legs":"200,1210"},
		{"prop":"400,700,0,0",		"legs":"200,1210"},
		{"prop":"400,700,0,0",		"legs":"200,1210"},
		{"prop":"0,1040,0,0",		"legs":"200,1210"},
		{"prop":"0,1040,0,0",		"legs":"200,1210"},
		{"prop":"0,1040,0,0",		"legs":"200,1210"}
	]
}